team_name,user_id,restaurant_id,datum,rating
toess,1,4095400149,07/10/2021,3
toess,1,282655576,07/10/2021,3
toess,1,709022313,07/10/2021,5
toess,1,270908998,07/10/2021,5
toess,1,246249861,07/10/2021,4
toess,2,639300780,13/10/2021,5
toess,2,1496400845,13/10/2021,3
toess,2,359691092,13/10/2021,5
toess,2,256866280,13/10/2021,4
toess,2,246249861,13/10/2021,3
toess,3,365839864,13/10/2021,4
toess,3,4109042665,13/10/2021,1
toess,3,4045806097,13/10/2021,5
toess,3,270908998,13/10/2021,5
toess,3,132397436,13/10/2021,5
toess,4,2493971952,13/10/2021,4
toess,4,4095400149,13/10/2021,3
toess,4,353186982,13/10/2021,2
toess,4,4109826834,13/10/2021,5
toess,4,247766473,13/10/2021,4
toess,5,2540938577,13/10/2021,3
toess,5,5894243473,13/10/2021,5
toess,5,256866280,13/10/2021,5
toess,5,471628001,13/10/2021,4
toess,5,359688178,13/10/2021,2
toess,6,3483494147,14/10/2021,4
toess,6,246249861,14/10/2021,4
toess,7,2540938577,14/10/2021,5
toess,7,4095987419,14/10/2021,5
toess,7,560157037,14/10/2021,5
toess,7,4095987430,14/10/2021,4
toess,8,4095400193,14/10/2021,5
toess,8,135915056,14/10/2021,2
toess,8,3483494147,14/10/2021,4
toess,8,246249861,14/10/2021,3
toess,8,1488980360,14/10/2021,5
toess,9,920508401,18/10/2021,2
toess,9,1383580139,18/10/2021,5
toess,9,119247298,18/10/2021,5
toess,9,3645923297,18/10/2021,5
toess,9,1383580144,18/10/2021,5
toess,10,1383580139,18/10/2021,5
toess,10,119247298,18/10/2021,5
toess,10,4604638576,18/10/2021,5
toess,10,1586370722,18/10/2021,5
toess,10,4860115709,18/10/2021,4
toess,11,1383580139,18/10/2021,5
toess,11,3556713581,18/10/2021,5
toess,11,268467807,18/10/2021,4
toess,11,471628000,18/10/2021,4
toess,11,8785727518,18/10/2021,2
toess,12,1383580139,18/10/2021,5
toess,12,855341264,18/10/2021,5
toess,12,119247298,18/10/2021,5
toess,12,270938706,18/10/2021,4
toess,12,648907100,18/10/2021,5
toess,13,5354821207,18/10/2021,5
toess,13,119247298,18/10/2021,2
toess,13,268467807,18/10/2021,2
toess,13,973933405,18/10/2021,4
toess,13,648907100,18/10/2021,4
toess,14,5354821207,18/10/2021,5
toess,14,119247298,18/10/2021,4
toess,14,3556713581,18/10/2021,5
toess,14,268467807,18/10/2021,3
toess,14,451727077,18/10/2021,4
toess,15,1383580139,18/10/2021,5
toess,15,5354821207,18/10/2021,5
toess,15,2904487294,18/10/2021,3
toess,15,1586370722,18/10/2021,5
toess,15,4406891594,18/10/2021,4
toess,16,119247298,18/10/2021,4
toess,16,737145375,18/10/2021,5
toess,16,3645923297,18/10/2021,5
toess,16,1383580144,18/10/2021,5
toess,16,4880906379,18/10/2021,5
toess,17,119247298,18/10/2021,5
toess,17,4934508745,18/10/2021,5
toess,17,737145375,18/10/2021,5
toess,17,3645923297,18/10/2021,5
toess,17,1035744153,18/10/2021,5
toess,18,4934508745,18/10/2021,5
toess,18,4604638576,18/10/2021,5
toess,18,64180591,18/10/2021,4
toess,18,564888543,18/10/2021,4
toess,18,451727077,18/10/2021,4
toess,19,268467807,18/10/2021,4
toess,19,4940639847,18/10/2021,4
toess,19,344660927,18/10/2021,4
toess,19,3256284873,18/10/2021,5
toess,19,480274132,18/10/2021,3
toess,20,119247298,18/10/2021,5
toess,20,4934508745,18/10/2021,5
toess,20,4934508745,18/10/2021,5
toess,20,268467807,18/10/2021,5
toess,20,480274132,18/10/2021,5
toess,21,4159355983,18/10/2021,5
toess,21,270938366,18/10/2021,5
toess,21,4963589219,18/10/2021,5
toess,21,3210582737,18/10/2021,5
toess,21,105459350,18/10/2021,4
toess,22,4095987421,18/10/2021,3
toess,22,4095400193,18/10/2021,5
toess,22,135915056,18/10/2021,3
toess,22,359685942,18/10/2021,2
toess,22,359687975,18/10/2021,4
toess,23,257644551,18/10/2021,4
toess,23,560156308,18/10/2021,5
toess,23,869977914,18/10/2021,4
toess,23,359687037,18/10/2021,4
toess,23,118184769,18/10/2021,3
toess,24,257644551,18/10/2021,4
toess,24,257520643,18/10/2021,4
toess,24,869977914,18/10/2021,2
toess,24,270908998,18/10/2021,5
toess,24,561524250,18/10/2021,5
toess,25,3472768901,18/10/2021,4
toess,25,737145375,18/10/2021,5
toess,25,1964156339,18/10/2021,5
toess,25,1383580144,18/10/2021,5
toess,25,4880906379,18/10/2021,4
toess,26,119247298,18/10/2021,4
toess,27,3472768901,18/10/2021,5
toess,27,119247298,18/10/2021,4
toess,27,1235083458,18/10/2021,4
toess,27,5427821057,18/10/2021,5
toess,27,2957645174,18/10/2021,4
toess,28,4313510389,18/10/2021,2
toess,28,4963589219,18/10/2021,3
toess,28,3645923297,18/10/2021,2
toess,28,485617148,18/10/2021,3
toess,28,3926182143,18/10/2021,4
toess,29,2711625369,18/10/2021,3
toess,29,39244966,18/10/2021,5
toess,29,301552459,18/10/2021,4
toess,29,370838914,18/10/2021,4
toess,29,6830405408,18/10/2021,5
toess,30,2540938577,19/10/2021,5
toess,30,3483494147,19/10/2021,5
toess,30,4095987419,19/10/2021,4
toess,30,560157037,19/10/2021,4
toess,30,246249861,19/10/2021,5
toess,31,2540938577,20/10/2021,5
toess,31,3483494147,20/10/2021,5
toess,31,4095987419,20/10/2021,5
toess,31,246249861,20/10/2021,3
toess,31,4095987430,20/10/2021,4
toess,32,2540938577,20/10/2021,4
toess,32,3483494147,20/10/2021,4
toess,32,4095987419,20/10/2021,5
toess,32,560157037,20/10/2021,4
toess,32,246249861,20/10/2021,5
toess,33,2540938577,20/10/2021,5
toess,33,3483494147,20/10/2021,5
toess,33,560157037,20/10/2021,5
toess,33,246249861,20/10/2021,5
toess,33,4095987430,20/10/2021,4
toess,34,2540938577,20/10/2021,5
toess,34,3483494147,20/10/2021,4
toess,34,4095987419,20/10/2021,4
toess,34,560157037,20/10/2021,4
toess,34,246249861,20/10/2021,5
toess,35,2540938577,20/10/2021,5
toess,35,3483494147,20/10/2021,5
toess,35,4095987419,20/10/2021,4
toess,35,560157037,20/10/2021,4
toess,35,246249861,20/10/2021,5
toess,36,2540938577,20/10/2021,4
toess,36,3483494147,20/10/2021,4
toess,36,4095987419,20/10/2021,5
toess,36,560157037,20/10/2021,5
toess,36,246249861,20/10/2021,4
toess,37,2540938577,20/10/2021,4
toess,37,3483494147,20/10/2021,5
toess,37,4095987419,20/10/2021,4
toess,37,560157037,20/10/2021,5
toess,37,246249861,20/10/2021,5
toess,38,2540938577,20/10/2021,4
toess,38,3483494147,20/10/2021,5
toess,38,560157037,20/10/2021,4
toess,38,246249861,20/10/2021,5
toess,38,4095987430,20/10/2021,3
toess,39,2599591050,20/10/2021,5
toess,39,256866280,20/10/2021,4
toess,39,270908998,20/10/2021,4
toess,39,2599493797,20/10/2021,4
toess,39,4109826834,20/10/2021,5
toess,40,232998398,20/10/2021,3
toess,40,534881054,20/10/2021,2
toess,40,135915056,20/10/2021,4
toess,40,3483494147,20/10/2021,3
toess,40,359688178,20/10/2021,3
toess,41,2599591050,20/10/2021,4
toess,41,232998398,20/10/2021,3
toess,41,256866280,20/10/2021,4
toess,41,2599493797,20/10/2021,5
toess,41,246249861,20/10/2021,3
FR,42,3890806031,07/10/2021,5
FR,42,6223030513,07/10/2021,5
FR,43,256866280,07/10/2021,5
FR,44,23,07/10/2021,4
FR,44,359690871,07/10/2021,4
FR,44,471628000,07/10/2021,5
FR,44,246249861,07/10/2021,3
FR,44,359687975,07/10/2021,4
FR,45,130,07/10/2021,4
FR,45,145,07/10/2021,4
FR,45,6223030513,07/10/2021,5
FR,45,560156308,07/10/2021,5
FR,45,353186982,07/10/2021,3
FR,46,2570468652,07/10/2021,4
FR,46,44,07/10/2021,5
FR,46,659475608,07/10/2021,3
FR,46,57,07/10/2021,5
FR,46,359691979,07/10/2021,4
FR,46,103,07/10/2021,5
FR,46,270908998,07/10/2021,4
FR,46,4095400172,07/10/2021,5
FR,46,2493971952,07/10/2021,5
FR,46,359691092,07/10/2021,3
FR,46,471628000,07/10/2021,4
FR,46,256866280,07/10/2021,4
FR,46,135915056,07/10/2021,4
FR,46,246249861,07/10/2021,5
FR,46,247766473,07/10/2021,5
FR,47,92102381,07/10/2021,4
FR,48,246249861,07/10/2021,4
FR,49,296565491,07/10/2021,5
FR,49,92102381,07/10/2021,1
FR,49,3681157591,07/10/2021,5
FR,50,296565491,07/10/2021,5
FR,50,64,07/10/2021,5
FR,50,2563925427,07/10/2021,5
FR,51,331183852,07/10/2021,4
FR,52,312580271,08/10/2021,4
FR,53,3875945857,09/10/2021,4
FR,53,1788438297,09/10/2021,4
FR,53,843534427,09/10/2021,5
FR,54,75,09/10/2021,5
FR,55,300384722,09/10/2021,4
FR,55,270938320,09/10/2021,4
FR,55,331183852,09/10/2021,4
FR,56,4512126808,09/10/2021,5
FR,56,382382202,09/10/2021,4
FR,56,5401214355,09/10/2021,4
FR,56,3302535830,09/10/2021,3
FR,56,1244998721,09/10/2021,4
FR,57,331183852,09/10/2021,5
FR,57,256866280,09/10/2021,5
FR,58,2399627234,10/10/2021,5
FR,59,7,10/10/2021,4
FR,59,16,10/10/2021,5
FR,59,297711769,10/10/2021,5
FR,59,41,10/10/2021,5
FR,59,42,10/10/2021,5
FR,59,48,10/10/2021,3
FR,59,1864890970,10/10/2021,5
FR,59,8448947493,10/10/2021,5
FR,59,1360237971,10/10/2021,5
FR,59,84968123,10/10/2021,3
FR,59,3268664480,10/10/2021,5
FR,59,119,10/10/2021,5
FR,59,232005036,10/10/2021,5
FR,59,7637778240,10/10/2021,4
FR,59,256866280,10/10/2021,5
FR,60,153,10/10/2021,5
FR,61,2904476136,10/10/2021,5
FR,62,29,10/10/2021,4
FR,62,56,10/10/2021,4
FR,62,116,10/10/2021,4
FR,63,74,10/10/2021,3
FR,64,147,10/10/2021,4
FR,65,6,10/10/2021,4
FR,65,4424654373,10/10/2021,5
FR,65,331183852,10/10/2021,5
FR,65,1044879404,10/10/2021,5
FR,65,843534427,10/10/2021,5
FR,66,27,12/10/2021,2
FR,66,31,12/10/2021,4
FR,66,34,12/10/2021,4
FR,66,763523653,12/10/2021,4
FR,66,534878149,12/10/2021,5
FR,66,84968123,12/10/2021,4
FR,66,359691979,12/10/2021,5
FR,66,133,12/10/2021,5
FR,66,359694784,12/10/2021,4
FR,66,359690871,12/10/2021,4
FR,66,6223030513,12/10/2021,5
FR,66,4095400193,12/10/2021,5
FR,66,560157037,12/10/2021,4
FR,66,246249861,12/10/2021,3
FR,66,247766473,12/10/2021,4
FR,67,25,12/10/2021,5
FR,67,656508776,12/10/2021,5
FR,68,659475608,12/10/2021,5
FR,69,359687975,12/10/2021,5
FR,70,659475608,12/10/2021,5
FR,70,4935627381,12/10/2021,5
FR,70,221820758,12/10/2021,5
FR,70,270938320,12/10/2021,4
FR,70,39961134,12/10/2021,5
FR,70,359694784,12/10/2021,4
FR,70,6223030513,12/10/2021,5
FR,71,471628000,12/10/2021,4
FR,71,247766473,12/10/2021,5
FR,72,359690232,12/10/2021,5
FR,72,247766473,12/10/2021,5
FR,73,708997931,12/10/2021,3
FR,73,659475608,12/10/2021,5
FR,73,246252799,12/10/2021,1
FR,73,359690232,12/10/2021,4
FR,73,359690572,12/10/2021,5
FR,73,359687975,12/10/2021,5
FR,73,247766473,12/10/2021,5
FR,74,247766473,12/10/2021,4
FR,75,270908998,12/10/2021,5
FR,76,7063607020,13/10/2021,5
FR,76,8199027204,13/10/2021,5
FR,76,359687975,13/10/2021,5
FR,77,19,13/10/2021,5
FR,77,27,13/10/2021,2
FR,77,31,13/10/2021,3
FR,77,593846241,13/10/2021,4
FR,77,534878149,13/10/2021,5
FR,77,359691979,13/10/2021,5
FR,77,270908998,13/10/2021,4
FR,77,359686638,13/10/2021,5
FR,77,133,13/10/2021,5
FR,77,6223030513,13/10/2021,5
FR,77,471628000,13/10/2021,4
FR,77,246249861,13/10/2021,3
FR,77,359687975,13/10/2021,5
FR,77,247766473,13/10/2021,3
FR,78,1,13/10/2021,4
FR,78,593846241,13/10/2021,3
FR,78,359692073,13/10/2021,3
FR,78,359691979,13/10/2021,4
FR,78,270908998,13/10/2021,4
FR,78,359692293,13/10/2021,5
FR,78,103122838,13/10/2021,4
FR,78,6223030513,13/10/2021,5
FR,78,353186982,13/10/2021,1
FR,78,560157037,13/10/2021,4
FR,78,246249861,13/10/2021,3
FR,78,247766473,13/10/2021,5
FR,79,359687975,14/10/2021,5
FR,80,31316585,14/10/2021,5
FR,80,54,14/10/2021,5
FR,80,4948524161,14/10/2021,5
FR,80,371172030,14/10/2021,5
FR,80,1861539580,14/10/2021,4
FR,81,13,14/10/2021,5
FR,81,441314886,14/10/2021,5
FR,81,52,14/10/2021,5
FR,81,91,14/10/2021,5
FR,81,92,14/10/2021,5
FR,81,5320192449,14/10/2021,5
FR,81,124,14/10/2021,5
FR,81,476506169,14/10/2021,5
FR,81,8475219428,14/10/2021,5
FR,81,4773523291,14/10/2021,5
FR,81,256866280,14/10/2021,5
FR,81,359685942,14/10/2021,4
FR,82,3726134745,14/10/2021,4
FR,82,633601362,14/10/2021,4
FR,82,4941865456,14/10/2021,4
FR,82,4447297097,14/10/2021,4
FR,82,270938320,14/10/2021,4
FR,82,1354802977,14/10/2021,4
FR,82,5325690373,14/10/2021,4
FR,82,656508776,14/10/2021,5
FR,82,4413895695,14/10/2021,3
FR,82,1143290252,14/10/2021,4
FR,83,101,14/10/2021,5
FR,84,12,14/10/2021,4
FR,84,763523653,14/10/2021,5
FR,84,4095400161,14/10/2021,4
FR,84,4095987436,14/10/2021,4
FR,84,2540938577,14/10/2021,4
FR,84,4095400193,14/10/2021,4
FR,84,256866280,14/10/2021,5
FR,85,18,14/10/2021,5
FR,85,296565491,14/10/2021,5
FR,85,127,14/10/2021,5
FR,85,92102381,14/10/2021,1
FR,85,3681157591,14/10/2021,5
FR,86,93,15/10/2021,5
FR,86,14299071,15/10/2021,4
FR,86,2540938577,15/10/2021,4
FR,86,639300780,15/10/2021,4
FR,86,246249861,15/10/2021,5
FR,87,2563925427,15/10/2021,5
FR,87,3726134745,15/10/2021,5
FR,87,296565491,15/10/2021,5
FR,87,313367191,15/10/2021,5
FR,87,73,15/10/2021,5
FR,88,92102381,15/10/2021,5
FR,89,18,15/10/2021,5
FR,89,2320552226,15/10/2021,4
FR,89,3681157591,15/10/2021,5
FR,90,92102381,15/10/2021,1
FR,91,359690232,15/10/2021,5
FR,92,11,16/10/2021,3
FR,92,20,16/10/2021,3
FR,92,359683717,16/10/2021,3
FR,92,38,16/10/2021,5
FR,92,44,16/10/2021,3
FR,92,359691979,16/10/2021,5
FR,92,103,16/10/2021,4
FR,92,106,16/10/2021,5
FR,92,89282401,16/10/2021,5
FR,92,2493971952,16/10/2021,5
FR,92,353186982,16/10/2021,2
FR,92,256866280,16/10/2021,4
FR,92,359687037,16/10/2021,4
FR,92,534881054,16/10/2021,5
FR,92,135915056,16/10/2021,5
FR,93,270938320,17/10/2021,2
FR,94,102,17/10/2021,4
FR,95,2570468652,17/10/2021,5
FR,95,10,17/10/2021,5
FR,95,11,17/10/2021,2
FR,95,22,17/10/2021,5
FR,95,36,17/10/2021,5
FR,95,38,17/10/2021,4
FR,95,270908998,17/10/2021,5
FR,95,106,17/10/2021,5
FR,95,112,17/10/2021,5
FR,95,122,17/10/2021,5
FR,95,677194766,17/10/2021,3
FR,95,89282401,17/10/2021,5
FR,95,2493971952,17/10/2021,5
FR,95,135915056,17/10/2021,5
FR,95,359685942,17/10/2021,4
FR,96,14,17/10/2021,5
FR,96,61,17/10/2021,5
FR,96,66,17/10/2021,4
FR,96,247766473,17/10/2021,5
FR,97,659475608,18/10/2021,4
FR,97,52648334,18/10/2021,5
FR,97,6223030513,18/10/2021,5
FR,98,382989332,18/10/2021,4
FR,98,4159355983,18/10/2021,5
FR,98,81,18/10/2021,4
FR,98,6223030513,18/10/2021,5
FR,98,4095400193,18/10/2021,5
FR,98,471628001,18/10/2021,3
FR,98,246249861,18/10/2021,4
FR,99,43,18/10/2021,3
FR,99,45,18/10/2021,4
FR,99,53,18/10/2021,4
FR,99,371172030,18/10/2021,5
FR,99,84,18/10/2021,4
FR,99,7204648136,18/10/2021,4
FR,99,94,18/10/2021,3
FR,99,221820758,18/10/2021,5
FR,99,115,18/10/2021,4
FR,99,118,18/10/2021,2
FR,99,121,18/10/2021,4
FR,99,2298795774,18/10/2021,4
FR,99,51754368,18/10/2021,5
FR,99,3268664488,18/10/2021,4
FR,99,660560664,18/10/2021,4
home,100,4424600899,14/10/2021,4
home,100,656327806,14/10/2021,3
home,100,267348518,14/10/2021,3
home,100,2341965691,14/10/2021,2
home,100,1496400845,14/10/2021,3
home,101,4424600899,14/10/2021,2
home,101,3926088056,14/10/2021,5
home,101,267348518,14/10/2021,4
home,101,2341965691,14/10/2021,3
home,101,1496400845,14/10/2021,5
home,102,4424600899,14/10/2021,5
home,102,656327806,14/10/2021,2
home,102,267348518,14/10/2021,4
home,102,2341965691,14/10/2021,3
home,102,1496400845,14/10/2021,4
home,103,4424600899,15/10/2021,4
home,103,656327806,15/10/2021,4
home,103,267348518,15/10/2021,4
home,103,2341965691,15/10/2021,4
home,103,1496400845,15/10/2021,3
home,104,4424600899,15/10/2021,2
home,104,3926088056,15/10/2021,3
home,104,267348518,15/10/2021,5
home,104,2341965691,15/10/2021,3
home,104,1496400845,15/10/2021,5
home,105,4424600899,16/10/2021,5
home,105,3926088056,16/10/2021,4
home,105,656327806,16/10/2021,3
home,105,267348518,16/10/2021,3
home,105,2341965691,16/10/2021,2
home,106,4424600899,16/10/2021,5
home,106,656327806,16/10/2021,4
home,106,267348518,16/10/2021,4
home,106,2341965691,16/10/2021,3
home,106,1496400845,16/10/2021,5
home,107,4424600899,17/10/2021,5
home,107,656327806,17/10/2021,3
home,107,267348518,17/10/2021,5
home,107,2341965691,17/10/2021,3
home,107,1496400845,17/10/2021,3
home,108,4424600899,17/10/2021,4
home,108,656327806,17/10/2021,5
home,108,267348518,17/10/2021,3
home,108,2341965691,17/10/2021,4
home,108,1496400845,17/10/2021,3
home,109,4424600899,18/10/2021,4
home,109,3926088056,18/10/2021,3
home,109,656327806,18/10/2021,4
home,109,267348518,18/10/2021,5
home,109,2341965691,18/10/2021,5
Kamikaze,121,272321241,02/10/2021,4
Kamikaze,121,8199027204,09/10/2021,4
Kamikaze,121,6223030513,07/10/2021,5
Kamikaze,121,282655574,04/10/2021,4
Kamikaze,121,272321240,01/10/2021,4
Kamikaze,121,3124969719,08/10/2021,3
Kamikaze,121,4486137546,12/10/2021,4
Kamikaze,121,731833436,04/10/2021,4
Kamikaze,122,272321241,11/10/2021,5
Kamikaze,122,8199027204,09/10/2021,5
Kamikaze,122,6223030513,08/10/2021,5
Kamikaze,122,282655574,01/10/2021,4
Kamikaze,122,272321240,08/10/2021,4
Kamikaze,122,3124969719,03/10/2021,3
Kamikaze,122,4486137546,12/10/2021,3
Kamikaze,122,731833436,02/10/2021,5
Kamikaze,123,272321241,11/10/2021,3
Kamikaze,123,8199027204,09/10/2021,5
Kamikaze,123,6223030513,05/10/2021,4
Kamikaze,123,282655574,06/10/2021,3
Kamikaze,123,272321240,01/10/2021,5
Kamikaze,123,3124969719,02/10/2021,4
Kamikaze,123,4486137546,12/10/2021,2
Kamikaze,123,731833436,30/09/2021,4
Kamikaze,124,8199027204,09/10/2021,5
Kamikaze,124,3124969719,07/10/2021,4
Kamikaze,124,4486137546,04/10/2021,3
Kamikaze,124,731833436,30/09/2021,5
Kamikaze,125,8199027204,09/10/2021,4
Kamikaze,125,3124969719,07/10/2021,4
Kamikaze,126,8199027204,01/10/2021,5
Kamikaze,126,6223030513,05/10/2021,4
Kamikaze,126,282655574,07/10/2021,5
Kamikaze,126,4486137546,12/10/2021,5
Kamikaze,127,8199027204,01/10/2021,5
Kamikaze,127,6223030513,05/10/2021,5
Kamikaze,127,282655574,07/10/2021,3
Kamikaze,128,8199027204,28/09/2021,5
Kamikaze,128,6223030513,05/10/2021,4
Kamikaze,128,282655574,08/10/2021,5
Kamikaze,129,8199027204,28/09/2021,4
Kamikaze,129,6223030513,06/10/2021,4
Kamikaze,129,282655574,08/10/2021,5
Kamikaze,129,3124969719,07/10/2021,3
Kamikaze,130,8199027204,02/10/2021,3
Kamikaze,130,6223030513,04/10/2021,4
Kamikaze,130,282655574,08/10/2021,4
Kamikaze,131,8199027204,07/10/2021,4
Kamikaze,131,8199027204,03/10/2021,3
Kamikaze,131,6223030513,09/10/2021,5
Kamikaze,131,282655574,08/10/2021,2
Kamikaze,131,272321240,30/09/2021,4
Kamikaze,132,84968123,01/10/2021,5
Kamikaze,132,14299071,16/10/2021,3
Kamikaze,132,660560664,10/10/2021,3
Kamikaze,132,5653783775,10/10/2021,4
Kamikaze,132,988651681,10/10/2021,4
Kamikaze,132,6223030513,10/10/2021,5
Kamikaze,132,43939375,10/10/2021,3
Kamikaze,132,4424654373,10/10/2021,4
Kamikaze,132,693318615,16/10/2021,4
Kamikaze,132,353186982,05/10/2021,3
Kamikaze,133,84968123,10/10/2021,5
Kamikaze,133,14299071,10/10/2021,4
Kamikaze,133,660560664,10/10/2021,4
Kamikaze,133,5653783775,10/10/2021,5
Kamikaze,133,6284033411,10/10/2021,2
Kamikaze,133,6223030513,10/10/2021,5
Kamikaze,133,43939375,10/10/2021,4
Kamikaze,133,4486137546,10/10/2021,3
Kamikaze,133,4424654373,10/10/2021,4
Kamikaze,133,731833436,10/10/2021,3
Kamikaze,133,693318615,10/10/2021,3
Kamikaze,134,84968123,10/10/2021,5
Kamikaze,134,14299071,10/10/2021,3
Kamikaze,134,5653783775,10/10/2021,5
Kamikaze,134,2341965691,10/10/2021,5
Kamikaze,134,988651681,10/10/2021,5
Kamikaze,134,6223030513,10/10/2021,4
Kamikaze,134,282655574,10/10/2021,3
Kamikaze,134,43939375,10/10/2021,4
Kamikaze,134,4486137546,10/10/2021,3
Kamikaze,134,4424654373,10/10/2021,4
Kamikaze,135,84968123,10/10/2021,5
Kamikaze,135,14299071,10/10/2021,3
Kamikaze,135,660560664,10/10/2021,4
Kamikaze,135,5653783775,10/10/2021,5
Kamikaze,135,988651681,10/10/2021,3
Kamikaze,135,6223030513,10/10/2021,3
Kamikaze,135,282655574,10/10/2021,3
Kamikaze,135,43939375,10/10/2021,4
Kamikaze,135,3124969719,10/10/2021,4
Kamikaze,135,4424654373,10/10/2021,4
Kamikaze,135,693318615,10/10/2021,3
Kamikaze,136,84968123,10/10/2021,5
Kamikaze,136,14299071,10/10/2021,3
Kamikaze,136,660560664,10/10/2021,4
Kamikaze,136,5653783775,10/10/2021,5
Kamikaze,136,6223030513,10/10/2021,5
Kamikaze,136,282655574,10/10/2021,3
Kamikaze,136,4424654373,10/10/2021,4
Kamikaze,136,693318615,10/10/2021,3
Kamikaze,138,14299071,08/10/2021,4
Kamikaze,138,660560664,18/10/2021,5
Kamikaze,138,6284033411,18/10/2021,5
Kamikaze,138,4364350638,18/10/2021,4
Kamikaze,138,932278823,18/10/2021,5
Kamikaze,138,988651681,18/10/2021,5
Kamikaze,138,8199027204,18/10/2021,2
Kamikaze,138,6223030513,18/10/2021,4
Kamikaze,138,282655574,18/10/2021,4
Kamikaze,138,693318615,18/10/2021,3
Kamikaze,138,353186982,08/10/2021,3
Kamikaze,139,660560664,19/10/2021,5
Kamikaze,139,595136362,19/10/2021,3
Kamikaze,139,6284033411,19/10/2021,5
Kamikaze,139,4364350638,19/10/2021,3
Kamikaze,139,932278823,19/10/2021,3
Kamikaze,139,988651681,19/10/2021,2
Kamikaze,139,8199027204,19/10/2021,4
Kamikaze,139,4424654373,19/10/2021,2
Kamikaze,139,693318615,19/10/2021,3
Kamikaze,139,353186982,19/10/2021,5
Kamikaze,140,660560664,19/10/2021,4
Kamikaze,140,595136362,19/10/2021,5
Kamikaze,140,6284033411,19/10/2021,5
Kamikaze,140,4364350638,19/10/2021,5
Kamikaze,140,932278823,19/10/2021,5
Kamikaze,140,988651681,19/10/2021,5
Kamikaze,140,8199027204,19/10/2021,3
Kamikaze,140,4424654373,19/10/2021,3
Kamikaze,140,693318615,19/10/2021,3
Kamikaze,140,353186982,19/10/2021,5
Kamikaze,141,660560664,19/10/2021,4
Kamikaze,141,595136362,19/10/2021,5
Kamikaze,141,6284033411,19/10/2021,5
Kamikaze,141,4364350638,19/10/2021,2
Kamikaze,141,932278823,19/10/2021,3
Kamikaze,141,988651681,19/10/2021,3
Kamikaze,141,8199027204,19/10/2021,3
Kamikaze,141,4424654373,19/10/2021,2
Kamikaze,141,693318615,19/10/2021,2
Kamikaze,141,353186982,19/10/2021,5
Kamikaze,142,660560664,19/10/2021,5
Kamikaze,142,595136362,19/10/2021,4
Kamikaze,142,6284033411,19/10/2021,5
Kamikaze,142,4364350638,19/10/2021,4
Kamikaze,142,932278823,19/10/2021,4
Kamikaze,142,988651681,19/10/2021,5
Kamikaze,142,8199027204,19/10/2021,4
Kamikaze,142,4424654373,19/10/2021,4
Kamikaze,142,693318615,19/10/2021,4
Kamikaze,142,353186982,19/10/2021,5
Kamikaze,143,84968123,16/10/2021,3
Kamikaze,143,5653783775,16/10/2021,4
Kamikaze,143,2341965691,16/10/2021,4
Kamikaze,143,843534427,16/10/2021,5
Kamikaze,143,1707472224,16/10/2021,4
Kamikaze,143,353186982,16/10/2021,2
Kamikaze,144,84968123,16/10/2021,3
Kamikaze,144,5653783775,16/10/2021,3
Kamikaze,144,2341965691,16/10/2021,3
Kamikaze,144,843534427,16/10/2021,4
Kamikaze,144,1707472224,16/10/2021,3
Kamikaze,144,353186982,16/10/2021,2
Kamikaze,145,84968123,16/10/2021,4
Kamikaze,145,2341965691,16/10/2021,4
Kamikaze,145,843534427,16/10/2021,5
Kamikaze,145,8199027204,16/10/2021,4
Kamikaze,145,353186982,16/10/2021,2
Kamikaze,146,84968123,16/10/2021,2
Kamikaze,146,5653783775,16/10/2021,4
Kamikaze,146,1707472224,16/10/2021,4
Kamikaze,146,353186982,16/10/2021,3
Kamikaze,147,5653783775,15/10/2021,3
Kamikaze,147,6284033411,15/10/2021,3
Kamikaze,147,843534427,15/10/2021,4
Kamikaze,147,8199027204,15/10/2021,3
Kamikaze,147,1707472224,15/10/2021,4
Kamikaze,147,43939375,15/10/2021,2
Kamikaze,147,3124969719,15/10/2021,2
Kamikaze,147,353186982,15/10/2021,2
Kamikaze,148,84968123,15/10/2021,4
Kamikaze,148,5653783775,15/10/2021,4
Kamikaze,148,843534427,15/10/2021,5
Kamikaze,148,8199027204,15/10/2021,4
Kamikaze,148,1707472224,15/10/2021,4
Kamikaze,148,43939375,15/10/2021,3
Kamikaze,148,693318615,15/10/2021,2
Kamikaze,148,353186982,15/10/2021,2
Kamikaze,149,5653783775,18/10/2021,3
Kamikaze,149,843534427,18/10/2021,4
Kamikaze,149,8199027204,18/10/2021,4
Kamikaze,149,1707472224,18/10/2021,4
Kamikaze,149,43939375,18/10/2021,3
Kamikaze,149,4424654373,18/10/2021,3
Kamikaze,149,353186982,18/10/2021,2
Kamikaze,150,14299071,19/10/2021,2
Kamikaze,150,5653783775,19/10/2021,4
Kamikaze,150,2341965691,19/10/2021,3
Kamikaze,150,843534427,19/10/2021,5
Kamikaze,150,6223030513,19/10/2021,3
Kamikaze,150,1707472224,19/10/2021,4
Kamikaze,150,43939375,19/10/2021,3
Kamikaze,150,3124969719,19/10/2021,3
Kamikaze,150,4424654373,19/10/2021,2
Kamikaze,150,1710700206,19/10/2021,4
Kamikaze,150,693318615,19/10/2021,3
Kamikaze,150,353186982,19/10/2021,2
Kamikaze,151,5653783775,19/10/2021,4
Kamikaze,151,2341965691,19/10/2021,3
Kamikaze,151,1707472224,19/10/2021,3
Kamikaze,151,1710700206,19/10/2021,4
Kamikaze,151,353186982,19/10/2021,2
FastDelivery,00052451,2341965691,09/10/2021,4
FastDelivery,0494aa75,1528733083,18/10/2021,5
FastDelivery,0974071e,4417689793,16/10/2021,5
FastDelivery,0a984e3f,301657450,08/10/2021,5
FastDelivery,106fdbce,656649674,11/10/2021,4
FastDelivery,125086e0,288340413,08/10/2021,4
FastDelivery,13156d42,638984360,08/10/2021,5
FastDelivery,14f85438,359691092,09/10/2021,5
FastDelivery,1580ec87,317023457,16/10/2021,4
FastDelivery,1580ec87,4209304315,16/10/2021,3
FastDelivery,1580ec87,4424600899,16/10/2021,2
FastDelivery,161eb3fe,3078606734,13/10/2021,5
FastDelivery,161eb3fe,4833061544,13/10/2021,3
FastDelivery,161eb3fe,5370500717,13/10/2021,5
FastDelivery,18fcdbd8,656649674,08/10/2021,4
FastDelivery,1934f659,4880906379,19/10/2021,4
FastDelivery,198e0867,321346779,21/10/2021,4
FastDelivery,198e0867,321364237,21/10/2021,4
FastDelivery,198e0867,353186982,21/10/2021,3
FastDelivery,198e0867,418745368,21/10/2021,4
FastDelivery,198e0867,656327806,21/10/2021,4
FastDelivery,198e0867,4785609122,21/10/2021,4
FastDelivery,198e0867,4892315255,21/10/2021,5
FastDelivery,198e0867,5806853331,21/10/2021,5
FastDelivery,1c892af0,857470672,18/10/2021,3
FastDelivery,1c892af0,5134936743,18/10/2021,4
FastDelivery,1cae00f2,316831596,16/10/2021,4
FastDelivery,1cae00f2,6761865567,16/10/2021,4
FastDelivery,1ec17472,703057903,09/10/2021,5
FastDelivery,272a0a61,7204648136,08/10/2021,4
FastDelivery,275cee72,370522868,20/10/2021,5
FastDelivery,2b4a2280,4095400149,08/10/2021,5
FastDelivery,2de9f004,370522868,20/10/2021,5
FastDelivery,2de9f004,1143290252,20/10/2021,3
FastDelivery,2de9f004,2408277249,20/10/2021,5
FastDelivery,2de9f004,3393448593,20/10/2021,3
FastDelivery,2de9f004,8628395260,20/10/2021,5
FastDelivery,33de651f,703057903,09/10/2021,5
FastDelivery,38b6a1b0,344660930,20/10/2021,3
FastDelivery,38b6a1b0,693318643,21/10/2021,4
FastDelivery,38b6a1b0,3077319475,21/10/2021,3
FastDelivery,38b6a1b0,4424600899,21/10/2021,4
FastDelivery,38b6a1b0,4476560475,21/10/2021,4
FastDelivery,38b6a1b0,8621173830,21/10/2021,5
FastDelivery,38b6a1b0,8628399877,21/10/2021,4
FastDelivery,404043ed,359692073,08/10/2021,5
FastDelivery,42a8ea73,471628000,08/10/2021,4
FastDelivery,4480a8a0,3556713581,22/10/2021,4
FastDelivery,4484fbe6,266312456,27/10/2021,4
FastDelivery,4484fbe6,5314501521,27/10/2021,5
FastDelivery,475006a5,4447297097,08/10/2021,3
FastDelivery,47d1be6e,313367191,08/10/2021,4
FastDelivery,47d1be6e,480274132,08/10/2021,5
FastDelivery,47d1be6e,1864890970,08/10/2021,5
FastDelivery,47d1be6e,2124855613,08/10/2021,5
FastDelivery,47d1be6e,5652355504,08/10/2021,3
FastDelivery,498a4f52,1373309487,09/10/2021,5
FastDelivery,4ae4bd07,564888514,08/10/2021,4
FastDelivery,4ba20844,5653594946,19/10/2021,5
FastDelivery,50825f21,5652355504,18/10/2021,5
FastDelivery,52220720,4985409623,08/10/2021,3
FastDelivery,5383cad3,560157037,08/10/2021,4
FastDelivery,5464f714,268421310,08/10/2021,4
FastDelivery,549d8bb8,271672265,12/10/2021,2
FastDelivery,57838907,271148578,08/10/2021,2
FastDelivery,57838907,1383580139,08/10/2021,5
FastDelivery,57838907,7580656369,08/10/2021,4
FastDelivery,5b301e90,267345323,08/10/2021,5
FastDelivery,5b301e90,312645835,08/10/2021,5
FastDelivery,5b301e90,3052418956,08/10/2021,5
FastDelivery,5b301e90,3771823688,08/10/2021,1
FastDelivery,5b37e5ea,2941529903,19/10/2021,5
FastDelivery,5ef5465e,3706789050,18/10/2021,5
FastDelivery,60de1ab5,1464406486,13/10/2021,4
FastDelivery,62414ed3,656649674,18/10/2021,5
FastDelivery,633e5c11,359691092,08/10/2021,4
FastDelivery,633e5c11,4808524921,08/10/2021,5
FastDelivery,633e5c11,6223030513,08/10/2021,5
FastDelivery,642e5d99,4941865456,20/10/2021,4
FastDelivery,6439b794,269120288,08/10/2021,4
FastDelivery,66c1f8a5,2514250862,13/10/2021,3
FastDelivery,66c1f8a5,4958366052,13/10/2021,4
FastDelivery,66c1f8a5,5325690373,13/10/2021,4
FastDelivery,67ece1b3,246249861,11/10/2021,4
FastDelivery,6b784ac7,268421599,08/10/2021,3
FastDelivery,6b784ac7,633584224,08/10/2021,3
FastDelivery,6b784ac7,3078606734,08/10/2021,4
FastDelivery,6c6172ae,271151271,10/10/2021,5
FastDelivery,6d058f69,6569753582,09/10/2021,4
FastDelivery,6e1d2acd,633584154,21/10/2021,3
FastDelivery,6e1d2acd,3932278823,21/10/2021,4
FastDelivery,6e1d2acd,4952797110,21/10/2021,4
FastDelivery,6e1d2acd,5117218966,21/10/2021,4
FastDelivery,6e1d2acd,7711458065,21/10/2021,4
FastDelivery,6f60ef27,4447297097,09/10/2021,5
FastDelivery,70df24ae,4947052966,08/10/2021,5
FastDelivery,7199d65f,312130321,18/10/2021,4
FastDelivery,7199d65f,5791885791,18/10/2021,5
FastDelivery,72b2025b,563992871,13/10/2021,4
FastDelivery,732bd846,365838929,19/10/2021,5
FastDelivery,735b5200,271148493,09/10/2021,3
FastDelivery,735b5200,656508776,09/10/2021,4
FastDelivery,735b5200,2028881393,09/10/2021,4
FastDelivery,735b5200,2096668239,09/10/2021,4
FastDelivery,735b5200,4172097485,09/10/2021,4
FastDelivery,735b5200,4447297097,09/10/2021,4
FastDelivery,735b5200,6515366866,09/10/2021,3
FastDelivery,780818fd,703057903,08/10/2021,5
FastDelivery,785d4337,370522868,20/10/2021,4
FastDelivery,785d4337,370840562,20/10/2021,2
FastDelivery,785d4337,370844160,20/10/2021,3
FastDelivery,785d4337,1383580139,20/10/2021,4
FastDelivery,785d4337,4035706224,20/10/2021,4
FastDelivery,793646ce,616972764,08/10/2021,3
FastDelivery,793646ce,1701559604,08/10/2021,4
FastDelivery,793646ce,2540938577,08/10/2021,2
FastDelivery,793646ce,5334093616,08/10/2021,5
FastDelivery,796f84c8,5806853331,09/10/2021,4
FastDelivery,7a26f9aa,656327546,11/10/2021,5
FastDelivery,7a8c3874,6680755287,19/10/2021,4
FastDelivery,7baa7b6c,1871299335,08/10/2021,4
FastDelivery,82317e6f,305712903,08/10/2021,3
FastDelivery,8282292c,633584200,18/10/2021,5
FastDelivery,861c4a7f,5653783775,08/10/2021,5
FastDelivery,879b7b13,6143845342,08/10/2021,4
FastDelivery,890ea9c4,5806853331,08/10/2021,5
FastDelivery,892f59ba,6223030513,08/10/2021,5
FastDelivery,89d66f1c,2526218486,08/10/2021,4
FastDelivery,8b84ff13,574685031,08/10/2021,5
FastDelivery,8cd76c87,703057903,08/10/2021,5
FastDelivery,8d26aa70,267879350,08/10/2021,5
FastDelivery,9187f4bb,2408277255,10/10/2021,5
FastDelivery,9407d442,907598510,08/10/2021,5
FastDelivery,97e45747,8199027204,08/10/2021,4
FastDelivery,989d1670,310139076,13/10/2021,4
FastDelivery,9a9784c6,382989332,08/10/2021,5
FastDelivery,9aea83ae,1245160899,08/10/2021,5
FastDelivery,9bda5793,268421310,08/10/2021,3
FastDelivery,9bda5793,321364237,08/10/2021,3
FastDelivery,9d59b79b,638966018,09/10/2021,5
FastDelivery,9d774fe7,5003371855,08/10/2021,4
FastDelivery,9e7171a8,270938320,27/10/2021,4
FastDelivery,9e7171a8,1442004393,22/10/2021,4
FastDelivery,9e7171a8,1442004393,24/10/2021,4
FastDelivery,9e7171a8,1624801464,23/10/2021,5
FastDelivery,9e7171a8,4927374862,25/10/2021,5
FastDelivery,9e7171a8,4941865456,27/10/2021,4
FastDelivery,9e7171a8,6680755386,24/10/2021,4
FastDelivery,9e7171a8,6911864195,27/10/2021,5
FastDelivery,9e7171a8,7038861915,22/10/2021,5
FastDelivery,9f4081f6,737145375,17/10/2021,5
FastDelivery,9f4081f6,4159355983,17/10/2021,5
FastDelivery,a044b371,2399627234,08/10/2021,5
FastDelivery,a25b1e36,2341965691,09/10/2021,4
FastDelivery,a4061115,4209304315,16/10/2021,3
FastDelivery,a4061115,4424600899,16/10/2021,3
FastDelivery,a41ab960,345525759,13/10/2021,3
FastDelivery,a9828f05,4283611289,13/10/2021,5
FastDelivery,a9c2facf,246249861,08/10/2021,4
FastDelivery,a9c2facf,320526598,14/10/2021,4
FastDelivery,a9c2facf,988655652,08/10/2021,5
FastDelivery,a9c2facf,2150869461,14/10/2021,4
FastDelivery,a9c2facf,3932278823,08/10/2021,5
FastDelivery,a9c2facf,4358977790,08/10/2021,3
FastDelivery,a9c2facf,4424600898,14/10/2021,4
FastDelivery,a9c2facf,4501493398,14/10/2021,4
FastDelivery,a9c2facf,4839549446,14/10/2021,4
FastDelivery,a9c2facf,4868072655,14/10/2021,4
FastDelivery,a9c2facf,5806853331,14/10/2021,5
FastDelivery,aaff51d8,4434577593,08/10/2021,4
FastDelivery,ab17ada4,359691092,09/10/2021,5
FastDelivery,afb616d1,283689479,11/10/2021,4
FastDelivery,afb616d1,648047492,11/10/2021,4
FastDelivery,b11172c4,268654801,18/10/2021,5
FastDelivery,b11172c4,311607628,18/10/2021,3
FastDelivery,b11172c4,312580271,18/10/2021,5
FastDelivery,b11172c4,313115222,18/10/2021,5
FastDelivery,b11172c4,321346682,18/10/2021,3
FastDelivery,b11172c4,386002566,18/10/2021,3
FastDelivery,b11172c4,418745367,18/10/2021,3
FastDelivery,b11172c4,418745368,18/10/2021,1
FastDelivery,b11172c4,582819804,18/10/2021,3
FastDelivery,b11172c4,656649674,18/10/2021,5
FastDelivery,b11172c4,5806853331,18/10/2021,3
FastDelivery,b421b97a,246249861,20/10/2021,2
FastDelivery,b421b97a,271148493,20/10/2021,3
FastDelivery,b421b97a,282655574,20/10/2021,4
FastDelivery,b421b97a,564888514,20/10/2021,3
FastDelivery,b421b97a,574685031,20/10/2021,4
FastDelivery,b421b97a,1479407508,20/10/2021,5
FastDelivery,b421b97a,2466736061,20/10/2021,3
FastDelivery,b421b97a,4172097485,20/10/2021,4
FastDelivery,b421b97a,6172794895,20/10/2021,4
FastDelivery,b798de6c,1319875747,21/10/2021,4
FastDelivery,b798de6c,4376086580,21/10/2021,5
FastDelivery,b798de6c,4833061565,21/10/2021,4
FastDelivery,b798de6c,4848816896,21/10/2021,4
FastDelivery,ba3775b6,5806853331,27/10/2021,4
FastDelivery,bbc2ace8,6670364522,08/10/2021,5
FastDelivery,bc220f7d,4172097485,08/10/2021,5
FastDelivery,c214b59c,808458794,08/10/2021,5
FastDelivery,c28cc296,1822590892,08/10/2021,5
FastDelivery,c5cde8b4,312580271,27/10/2021,5
FastDelivery,c669cb46,648047492,17/10/2021,4
FastDelivery,c669cb46,4259128853,17/10/2021,5
FastDelivery,c669cb46,4512119699,17/10/2021,4
FastDelivery,c669cb46,4941865456,17/10/2021,4
FastDelivery,c669cb46,8349864971,17/10/2021,5
FastDelivery,cbd6c6df,4833061570,15/10/2021,5
FastDelivery,cbd6c6df,5034483580,14/10/2021,4
FastDelivery,ce935c0e,7204657040,18/10/2021,5
FastDelivery,cec49198,1768874528,10/10/2021,4
FastDelivery,cfbcaa31,1695186448,08/10/2021,5
FastDelivery,cfbcaa31,2341965691,08/10/2021,4
FastDelivery,cfbcaa31,5034602925,08/10/2021,5
FastDelivery,d037425d,359691092,08/10/2021,5
FastDelivery,d280fc2c,256339532,21/10/2021,4
FastDelivery,d280fc2c,617327415,20/10/2021,5
FastDelivery,d280fc2c,656327806,21/10/2021,3
FastDelivery,d280fc2c,656508776,20/10/2021,4
FastDelivery,d280fc2c,1354802977,21/10/2021,4
FastDelivery,d280fc2c,1695186448,20/10/2021,4
FastDelivery,d280fc2c,2298795774,20/10/2021,4
FastDelivery,d280fc2c,3078606734,08/10/2021,5
FastDelivery,d280fc2c,4172097485,20/10/2021,4
FastDelivery,d280fc2c,5034602925,20/10/2021,4
FastDelivery,d280fc2c,5648366364,21/10/2021,4
FastDelivery,d32ac544,359687037,08/10/2021,5
FastDelivery,d32ac544,359688178,08/10/2021,5
FastDelivery,d32ac544,359691979,08/10/2021,5
FastDelivery,d32ac544,382989332,08/10/2021,5
FastDelivery,d32ac544,472774192,08/10/2021,4
FastDelivery,d32ac544,593846241,08/10/2021,4
FastDelivery,d32ac544,6082078700,08/10/2021,4
FastDelivery,d32ac544,6223030513,08/10/2021,4
FastDelivery,d41636e6,305712903,11/10/2021,5
FastDelivery,d54d6567,267879350,28/10/2021,4
FastDelivery,d58941f2,656649674,22/10/2021,3
FastDelivery,d766167b,693318662,20/10/2021,4
FastDelivery,d766167b,1143290252,20/10/2021,5
FastDelivery,d766167b,1464406486,20/10/2021,3
FastDelivery,d766167b,2408277249,20/10/2021,4
FastDelivery,d766167b,4035706224,20/10/2021,3
FastDelivery,d766167b,4424600899,20/10/2021,4
FastDelivery,d766167b,4785609122,20/10/2021,5
FastDelivery,d766167b,4860115691,20/10/2021,5
FastDelivery,d8c9e933,256866280,08/10/2021,4
FastDelivery,da1c452f,6702720455,08/10/2021,4
FastDelivery,da53b779,268473118,20/10/2021,5
FastDelivery,df2d8a9c,345525759,13/10/2021,4
FastDelivery,df2d8a9c,2463374628,13/10/2021,5
FastDelivery,df2d8a9c,2514250862,13/10/2021,3
FastDelivery,df2d8a9c,4644391123,18/10/2021,5
FastDelivery,df2d8a9c,5325690373,13/10/2021,5
FastDelivery,df2d8a9c,6680755386,18/10/2021,5
FastDelivery,e131aa2b,451727077,19/10/2021,4
FastDelivery,e4dd66cd,334300587,18/10/2021,4
FastDelivery,e5063606,359691092,08/10/2021,4
FastDelivery,e5063606,703057903,08/10/2021,4
FastDelivery,e5063606,1078854146,08/10/2021,3
FastDelivery,e66c9c12,3398108562,14/10/2021,3
FastDelivery,e66c9c12,4172097485,14/10/2021,5
FastDelivery,e789b306,283458331,17/10/2021,4
FastDelivery,e789b306,656327806,17/10/2021,3
FastDelivery,e789b306,1625431887,17/10/2021,5
FastDelivery,e789b306,3268664483,17/10/2021,4
FastDelivery,e789b306,4848816896,17/10/2021,3
FastDelivery,e789b306,4941865456,17/10/2021,3
FastDelivery,e789b306,8874899713,17/10/2021,3
FastDelivery,e7e7db44,1828354019,08/10/2021,5
FastDelivery,e918d8a6,105459350,08/10/2021,4
FastDelivery,e918d8a6,270938320,08/10/2021,4
FastDelivery,e918d8a6,345591601,08/10/2021,2
FastDelivery,e918d8a6,983601220,08/10/2021,4
FastDelivery,e918d8a6,2262480164,08/10/2021,4
FastDelivery,ea1ebba3,3284823886,19/10/2021,5
FastDelivery,eb798292,4644391123,01/11/2021,4
FastDelivery,efd848bd,311607628,08/10/2021,5
FastDelivery,efd848bd,656508776,08/10/2021,5
FastDelivery,efd848bd,4833061570,08/10/2021,4
FastDelivery,f9c736e2,4868065118,14/10/2021,5
FastDelivery,fdb1cb1f,6680755386,21/10/2021,5
FastDelivery,fe2d16b0,4159355983,17/10/2021,5
FastDelivery,fe2d16b0,4402737890,17/10/2021,4
